Filename,Message Size,MSE,PSNR,Output Filename
Rainier.bmp,10036,3.5122612847222223,42.67493544325145,Rainier_encoded.jpg
Rainier.bmp,10036,0.006224279835390947,70.18991251141716,Rainier_encoded.png
Rainier.bmp,10036,0.006224279835390947,70.18991251141716,Rainier_encoded.bmp
Rainier.bmp,10036,12.150909529320987,37.28471573568862,Rainier_encoded.gif
Rainier.bmp,10036,0.006224279835390947,70.18991251141716,Rainier_encoded.tiff
